timestamp,tipo_evento,consulta,latencia
2026-04-29T21:17:34.423361,miss,Q1,0.01294708251953125
2026-04-29T21:17:34.483046,miss,Q3,0.0034363269805908203
2026-04-29T21:17:34.543641,miss,Q3,0.00334930419921875
2026-04-29T21:17:34.606322,miss,Q5,0.004883289337158203
2026-04-29T21:17:34.666586,miss,Q3,0.003267526626586914
2026-04-29T21:17:34.725940,miss,Q1,0.0032401084899902344
2026-04-29T21:17:34.785547,miss,Q1,0.0032815933227539062
2026-04-29T21:17:34.844392,miss,Q5,0.003061532974243164
2026-04-29T21:17:34.906327,miss,Q2,0.004973649978637695
2026-04-29T21:17:34.963311,hit,Q2,0.0003228187561035156
2026-04-29T21:17:35.024848,miss,Q3,0.00421142578125
2026-04-29T21:17:35.082894,hit,Q5,0.0003314018249511719
2026-04-29T21:17:35.143431,miss,Q4,0.003491640090942383
2026-04-29T21:17:35.202985,miss,Q1,0.003444671630859375
2026-04-29T21:17:35.260130,hit,Q5,0.00029540061950683594
2026-04-29T21:17:35.316774,hit,Q1,0.00028896331787109375
2026-04-29T21:17:35.377058,miss,Q4,0.003759145736694336
2026-04-29T21:17:35.433773,hit,Q5,0.00030159950256347656
2026-04-29T21:17:35.494857,miss,Q4,0.0040433406829833984
2026-04-29T21:17:35.555641,miss,Q2,0.003290891647338867
2026-04-29T21:17:35.612486,hit,Q4,0.0003962516784667969
2026-04-29T21:17:35.672288,miss,Q1,0.0031294822692871094
2026-04-29T21:17:35.728517,hit,Q2,0.0003135204315185547
2026-04-29T21:17:35.784035,hit,Q3,0.00027179718017578125
2026-04-29T21:17:35.842791,miss,Q4,0.00313568115234375
2026-04-29T21:17:35.899155,hit,Q1,0.00032639503479003906
2026-04-29T21:17:35.957853,miss,Q4,0.0034656524658203125
2026-04-29T21:17:36.017533,miss,Q5,0.003157377243041992
2026-04-29T21:17:36.075091,hit,Q1,0.0003542900085449219
2026-04-29T21:17:36.130626,hit,Q1,0.0003077983856201172
2026-04-29T21:17:36.186052,hit,Q5,0.0003285408020019531
2026-04-29T21:17:36.244550,miss,Q4,0.003036022186279297
2026-04-29T21:17:36.300894,hit,Q1,0.00032067298889160156
2026-04-29T21:17:36.356392,hit,Q3,0.0003006458282470703
2026-04-29T21:17:36.414793,miss,Q5,0.0028412342071533203
2026-04-29T21:17:36.470636,hit,Q2,0.0002892017364501953
2026-04-29T21:17:36.526584,hit,Q1,0.0003070831298828125
2026-04-29T21:17:36.582672,hit,Q1,0.00035643577575683594
2026-04-29T21:17:36.642016,miss,Q4,0.0035593509674072266
2026-04-29T21:17:36.702936,miss,Q4,0.003664255142211914
2026-04-29T21:17:36.759533,hit,Q2,0.00034999847412109375
2026-04-29T21:17:36.815724,hit,Q2,0.0004088878631591797
2026-04-29T21:17:36.871110,hit,Q3,0.0003986358642578125
2026-04-29T21:17:36.926312,hit,Q2,0.00032258033752441406
2026-04-29T21:17:36.982266,hit,Q1,0.0002834796905517578
2026-04-29T21:17:37.038077,hit,Q1,0.0002837181091308594
2026-04-29T21:17:37.093361,hit,Q3,0.00036406517028808594
2026-04-29T21:17:37.151977,miss,Q4,0.002800464630126953
2026-04-29T21:17:37.211446,miss,Q2,0.002791166305541992
2026-04-29T21:17:37.267606,hit,Q3,0.0003209114074707031
2026-04-29T21:17:37.326605,miss,Q4,0.003538370132446289
2026-04-29T21:17:37.382767,hit,Q1,0.00033473968505859375
2026-04-29T21:17:37.439104,hit,Q5,0.00039887428283691406
2026-04-29T21:17:37.495038,hit,Q5,0.0003800392150878906
2026-04-29T21:17:37.556794,miss,Q3,0.00431513786315918
2026-04-29T21:17:37.618178,hit,Q3,0.00039196014404296875
2026-04-29T21:17:37.676746,miss,Q2,0.002986907958984375
2026-04-29T21:17:37.733769,hit,Q3,0.00039267539978027344
2026-04-29T21:17:37.789699,hit,Q5,0.00037670135498046875
2026-04-29T21:17:37.846091,hit,Q3,0.00029754638671875
2026-04-29T21:17:37.901877,hit,Q5,0.0003757476806640625
2026-04-29T21:17:37.958541,hit,Q1,0.00037360191345214844
2026-04-29T21:17:38.014078,hit,Q1,0.0003745555877685547
2026-04-29T21:17:38.069592,hit,Q2,0.0003914833068847656
2026-04-29T21:17:38.128743,miss,Q4,0.003065824508666992
2026-04-29T21:17:38.185305,hit,Q5,0.00029087066650390625
2026-04-29T21:17:38.241318,hit,Q1,0.0003314018249511719
2026-04-29T21:17:38.297594,hit,Q3,0.0004062652587890625
2026-04-29T21:17:38.409289,hit,Q2,0.0003933906555175781
2026-04-29T21:17:38.467338,hit,Q3,0.0003933906555175781
2026-04-29T21:17:38.526381,hit,Q3,0.0005340576171875
2026-04-29T21:17:38.585047,hit,Q4,0.00034689903259277344
2026-04-29T21:17:38.641935,hit,Q1,0.0003437995910644531
2026-04-29T21:17:38.698994,hit,Q2,0.00037169456481933594
2026-04-29T21:17:38.755137,hit,Q2,0.00032639503479003906
2026-04-29T21:17:38.815862,miss,Q4,0.003837108612060547
2026-04-29T21:17:38.927133,hit,Q1,0.00041794776916503906
2026-04-29T21:17:38.987372,miss,Q4,0.0036563873291015625
2026-04-29T21:17:39.044285,hit,Q5,0.0004436969757080078
2026-04-29T21:17:39.101120,hit,Q4,0.0003647804260253906
2026-04-29T21:17:39.159006,hit,Q5,0.00042557716369628906
2026-04-29T21:17:39.215131,hit,Q2,0.0003428459167480469
2026-04-29T21:17:39.270760,hit,Q5,0.0002865791320800781
2026-04-29T21:17:39.381220,hit,Q5,0.00039696693420410156
2026-04-29T21:17:39.437854,hit,Q1,0.00035572052001953125
2026-04-29T21:17:39.494533,hit,Q2,0.0003600120544433594
2026-04-29T21:17:39.559643,miss,Q4,0.005330801010131836
2026-04-29T21:17:39.616084,hit,Q5,0.0003173351287841797
2026-04-29T21:17:39.672699,hit,Q4,0.00027871131896972656
2026-04-29T21:17:39.727443,hit,Q1,0.0003190040588378906
2026-04-29T21:17:39.782899,hit,Q4,0.0002961158752441406
2026-04-29T21:17:39.841670,miss,Q4,0.0031881332397460938
2026-04-29T21:17:39.897823,hit,Q5,0.0003485679626464844
2026-04-29T21:17:39.954205,hit,Q5,0.0003116130828857422
2026-04-29T21:17:40.010445,hit,Q1,0.0003561973571777344
2026-04-29T21:17:40.067118,hit,Q2,0.00038361549377441406
2026-04-29T21:17:40.129195,miss,Q4,0.003962039947509766
2026-04-29T21:17:40.187640,hit,Q1,0.00032138824462890625
2026-04-29T21:17:40.245877,hit,Q1,0.0005884170532226562
2026-04-29T21:17:40.358335,hit,Q3,0.0005590915679931641
2026-04-29T21:17:40.415458,hit,Q5,0.00045013427734375
2026-04-29T21:17:40.528221,hit,Q4,0.00043320655822753906
2026-04-29T21:17:40.584255,hit,Q1,0.0003619194030761719
2026-04-29T21:17:40.640577,hit,Q1,0.0003457069396972656
2026-04-29T21:17:40.696794,hit,Q3,0.0003445148468017578
2026-04-29T21:17:40.752944,hit,Q2,0.0003352165222167969
2026-04-29T21:17:40.808677,hit,Q2,0.00034880638122558594
2026-04-29T21:17:40.868337,miss,Q4,0.003378152847290039
2026-04-29T21:17:40.924467,hit,Q1,0.0003383159637451172
2026-04-29T21:17:40.979879,hit,Q4,0.000278472900390625
2026-04-29T21:17:41.035109,hit,Q5,0.00030612945556640625
2026-04-29T21:17:41.090205,hit,Q3,0.00030350685119628906
2026-04-29T21:17:41.200238,hit,Q3,0.00034546852111816406
2026-04-29T21:17:41.256024,hit,Q5,0.0003275871276855469
2026-04-29T21:17:41.312352,hit,Q4,0.0003600120544433594
2026-04-29T21:17:41.368442,hit,Q5,0.0003559589385986328
2026-04-29T21:17:41.426479,hit,Q3,0.0003485679626464844
2026-04-29T21:17:41.483587,hit,Q4,0.00033664703369140625
2026-04-29T21:17:41.538580,hit,Q4,0.0002951622009277344
2026-04-29T21:17:41.594353,hit,Q4,0.00031113624572753906
2026-04-29T21:17:41.708290,hit,Q5,0.0004956722259521484
2026-04-29T21:17:41.767853,hit,Q2,0.000579833984375
2026-04-29T21:17:41.827406,hit,Q1,0.0005462169647216797
2026-04-29T21:17:41.885550,hit,Q3,0.00047516822814941406
2026-04-29T21:17:41.948258,hit,Q3,0.0006384849548339844
2026-04-29T21:17:42.008398,hit,Q2,0.00043845176696777344
2026-04-29T21:17:42.067009,hit,Q2,0.0004401206970214844
2026-04-29T21:17:42.129446,miss,Q4,0.004522085189819336
2026-04-29T21:17:42.187022,hit,Q4,0.0004994869232177734
2026-04-29T21:17:42.243704,hit,Q3,0.00029206275939941406
2026-04-29T21:17:42.300850,hit,Q1,0.0005686283111572266
2026-04-29T21:17:42.358078,hit,Q4,0.0004150867462158203
2026-04-29T21:17:42.414842,hit,Q2,0.0004374980926513672
2026-04-29T21:17:42.475699,miss,Q5,0.005312681198120117
2026-04-29T21:17:42.531964,hit,Q1,0.00030040740966796875
2026-04-29T21:17:42.587507,hit,Q5,0.0003612041473388672
2026-04-29T21:17:42.643127,hit,Q3,0.00028705596923828125
2026-04-29T21:17:42.698444,hit,Q4,0.0002853870391845703
2026-04-29T21:17:42.753288,hit,Q1,0.0002646446228027344
2026-04-29T21:17:42.808488,hit,Q2,0.0003101825714111328
2026-04-29T21:17:42.863022,hit,Q2,0.00026869773864746094
2026-04-29T21:17:42.917957,hit,Q3,0.0002760887145996094
2026-04-29T21:17:42.973297,hit,Q5,0.0002875328063964844
2026-04-29T21:17:43.028312,hit,Q5,0.0003082752227783203
2026-04-29T21:17:43.082857,hit,Q2,0.00027561187744140625
2026-04-29T21:17:43.137647,hit,Q5,0.0002684593200683594
2026-04-29T21:17:43.192576,hit,Q4,0.0002899169921875
2026-04-29T21:17:43.247239,hit,Q2,0.0002713203430175781
2026-04-29T21:17:43.301833,hit,Q1,0.00034356117248535156
2026-04-29T21:17:43.356409,hit,Q4,0.0003025531768798828
2026-04-29T21:17:43.411977,hit,Q5,0.0002739429473876953
2026-04-29T21:17:43.466886,hit,Q2,0.00027871131896972656
2026-04-29T21:17:44.630141,hit,Q5,0.0003218650817871094
2026-04-29T21:17:44.686049,hit,Q3,0.0003762245178222656
2026-04-29T21:17:44.742203,hit,Q2,0.0003616809844970703
2026-04-29T21:17:46.283683,hit,Q1,0.0003325939178466797
2026-04-29T21:17:46.340302,hit,Q5,0.0003745555877685547
2026-04-29T21:17:46.395853,hit,Q2,0.00040984153747558594
2026-04-29T21:17:46.451358,hit,Q1,0.0003173351287841797
2026-04-29T21:17:46.507183,hit,Q2,0.0002684593200683594
2026-04-29T21:17:46.567220,hit,Q5,0.00042748451232910156
2026-04-29T21:17:46.623014,hit,Q2,0.0003390312194824219
2026-04-29T21:17:46.678341,hit,Q5,0.0004305839538574219
2026-04-29T21:17:46.733962,hit,Q3,0.00039458274841308594
2026-04-29T21:17:46.793404,miss,Q4,0.004124879837036133
2026-04-29T21:17:46.849658,hit,Q5,0.0002899169921875
2026-04-29T21:17:46.906749,hit,Q1,0.00041961669921875
2026-04-29T21:17:46.963471,hit,Q4,0.0004227161407470703
2026-04-29T21:17:47.019149,hit,Q2,0.0003151893615722656
2026-04-29T21:17:47.074296,hit,Q1,0.0002918243408203125
2026-04-29T21:17:47.129507,hit,Q2,0.00028896331787109375
2026-04-29T21:17:47.184396,hit,Q5,0.0003147125244140625
2026-04-29T21:17:47.239398,hit,Q1,0.00029587745666503906
2026-04-29T21:17:47.294271,hit,Q3,0.00028228759765625
2026-04-29T21:17:47.349008,hit,Q3,0.0002682209014892578
2026-04-29T21:17:47.403968,hit,Q2,0.00033354759216308594
2026-04-29T21:17:47.458683,hit,Q3,0.0002815723419189453
2026-04-29T21:17:47.513939,hit,Q3,0.00032830238342285156
2026-04-29T21:17:47.569041,hit,Q2,0.0002789497375488281
2026-04-29T21:17:47.623881,hit,Q4,0.00031638145446777344
2026-04-29T21:17:47.678301,hit,Q2,0.00028896331787109375
2026-04-29T21:17:47.733196,hit,Q2,0.0003075599670410156
2026-04-29T21:17:47.787879,hit,Q4,0.0003218650817871094
2026-04-29T21:17:47.843103,hit,Q4,0.0002834796905517578
2026-04-29T21:17:47.897859,hit,Q3,0.00030612945556640625
2026-04-29T21:17:47.952290,hit,Q2,0.00027942657470703125
2026-04-29T21:17:48.009634,hit,Q3,0.0003039836883544922
2026-04-29T21:17:48.064651,hit,Q4,0.0003294944763183594
2026-04-29T21:17:48.119316,hit,Q1,0.0002758502960205078
2026-04-29T21:17:48.174099,hit,Q1,0.00032258033752441406
2026-04-29T21:17:48.231656,miss,Q4,0.0029976367950439453
2026-04-29T21:17:48.286990,hit,Q2,0.00024962425231933594
2026-04-29T21:17:48.342186,hit,Q1,0.0002772808074951172
2026-04-29T21:17:48.396724,hit,Q2,0.000293731689453125
2026-04-29T21:17:48.451585,hit,Q1,0.0002818107604980469
2026-04-29T21:17:48.506661,hit,Q1,0.00034332275390625
2026-04-29T21:17:48.562721,hit,Q1,0.00042057037353515625
2026-04-29T21:17:48.621299,hit,Q5,0.0002892017364501953
2026-04-29T21:17:48.676036,hit,Q3,0.00034117698669433594
2026-04-29T21:17:48.785533,hit,Q5,0.00038695335388183594
2026-04-29T21:17:48.841290,hit,Q5,0.00028586387634277344
2026-04-29T21:17:48.897423,hit,Q1,0.0003693103790283203
2026-04-29T21:17:48.953081,hit,Q5,0.0003256797790527344
2026-04-29T21:17:49.008806,hit,Q5,0.0003180503845214844
2026-04-29T21:17:49.064040,hit,Q2,0.00028896331787109375
2026-04-29T21:17:49.119338,hit,Q5,0.0003581047058105469
2026-04-29T21:17:49.173917,hit,Q1,0.0003120899200439453
2026-04-29T21:17:49.229054,hit,Q5,0.00030112266540527344
2026-04-29T21:17:49.337564,hit,Q2,0.000347137451171875
2026-04-29T21:17:49.393822,hit,Q3,0.00035071372985839844
2026-04-29T21:17:49.505013,hit,Q1,0.00034880638122558594
2026-04-29T21:17:49.561767,hit,Q3,0.00037360191345214844
2026-04-29T21:17:49.617904,hit,Q3,0.00029397010803222656
2026-04-29T21:17:49.673642,hit,Q5,0.00035881996154785156
2026-04-29T21:17:49.729630,hit,Q2,0.0003292560577392578
2026-04-29T21:17:49.785807,hit,Q3,0.00029659271240234375
2026-04-29T21:17:49.841423,hit,Q3,0.0002961158752441406
2026-04-29T21:17:49.896676,hit,Q4,0.0002872943878173828
2026-04-29T21:17:49.951780,hit,Q5,0.00032019615173339844
2026-04-29T21:17:50.006291,hit,Q2,0.0002837181091308594
2026-04-29T21:17:50.061012,hit,Q2,0.0002989768981933594
2026-04-29T21:17:50.115838,hit,Q1,0.0002715587615966797
2026-04-29T21:17:50.171369,hit,Q4,0.000286102294921875
2026-04-29T21:17:50.226450,hit,Q4,0.0002918243408203125
2026-04-29T21:17:50.280913,hit,Q4,0.00027680397033691406
2026-04-29T21:17:50.335921,hit,Q5,0.00029730796813964844
2026-04-29T21:17:50.390484,hit,Q3,0.00027489662170410156
2026-04-29T21:17:50.445236,hit,Q5,0.0002956390380859375
2026-04-29T21:17:50.554921,hit,Q2,0.0003514289855957031
2026-04-29T21:17:50.610760,hit,Q5,0.000308990478515625
2026-04-29T21:17:50.666721,hit,Q1,0.00037026405334472656
2026-04-29T21:17:50.722806,hit,Q2,0.0003380775451660156
2026-04-29T21:17:50.778594,hit,Q3,0.0003294944763183594
2026-04-29T21:17:50.834058,hit,Q3,0.0003285408020019531
2026-04-29T21:17:50.889008,hit,Q1,0.00028014183044433594
2026-04-29T21:17:50.943848,hit,Q4,0.00043487548828125
2026-04-29T21:17:50.998462,hit,Q2,0.0002796649932861328
2026-04-29T21:17:51.053717,hit,Q3,0.0003046989440917969
2026-04-29T21:17:51.108590,hit,Q2,0.0002791881561279297
2026-04-29T21:17:51.163104,hit,Q5,0.0003466606140136719
2026-04-29T21:17:51.217658,hit,Q4,0.0002884864807128906
2026-04-29T21:17:51.272414,hit,Q2,0.0003266334533691406
2026-04-29T21:17:51.327133,hit,Q5,0.0002849102020263672
2026-04-29T21:17:51.381669,hit,Q4,0.00032138824462890625
2026-04-29T21:17:51.436633,hit,Q2,0.0003113746643066406
2026-04-29T21:17:51.491563,hit,Q4,0.00031185150146484375
2026-04-29T21:17:51.546702,hit,Q5,0.0003161430358886719
2026-04-29T21:17:51.601454,hit,Q4,0.00031638145446777344
2026-04-29T21:17:51.656496,hit,Q5,0.00030350685119628906
2026-04-29T21:17:51.711383,hit,Q3,0.00035691261291503906
2026-04-29T21:17:51.766206,hit,Q2,0.0003535747528076172
2026-04-29T21:17:51.821619,hit,Q1,0.0002849102020263672
2026-04-29T21:17:51.876738,hit,Q3,0.00033354759216308594
2026-04-29T21:17:51.988650,hit,Q5,0.0004093647003173828
2026-04-29T21:17:52.047428,hit,Q4,0.00043010711669921875
2026-04-29T21:17:52.103150,hit,Q5,0.00029850006103515625
2026-04-29T21:17:52.158787,hit,Q3,0.00033164024353027344
2026-04-29T21:17:52.214437,hit,Q5,0.0002956390380859375
2026-04-29T21:17:52.270561,hit,Q5,0.0003216266632080078
2026-04-29T21:17:52.325838,hit,Q2,0.0003032684326171875
2026-04-29T21:17:52.380863,hit,Q2,0.0002841949462890625
2026-04-29T21:17:52.436323,hit,Q5,0.0002815723419189453
2026-04-29T21:17:52.491120,hit,Q2,0.0002963542938232422
2026-04-29T21:17:52.546141,hit,Q5,0.00028133392333984375
2026-04-29T21:17:52.601002,hit,Q3,0.00029468536376953125
2026-04-29T21:17:52.656032,hit,Q3,0.0002880096435546875
2026-04-29T21:17:52.711345,hit,Q5,0.0003216266632080078
2026-04-29T21:17:52.767108,hit,Q1,0.000331878662109375
2026-04-29T21:17:52.822797,hit,Q1,0.00030112266540527344
2026-04-29T21:17:52.877702,hit,Q5,0.0002942085266113281
2026-04-29T21:17:52.932440,hit,Q2,0.0002918243408203125
2026-04-29T21:17:52.987224,hit,Q5,0.0002887248992919922
2026-04-29T21:17:53.042186,hit,Q5,0.0002751350402832031
2026-04-29T21:17:53.097960,hit,Q3,0.00035381317138671875
2026-04-29T21:17:53.153899,hit,Q3,0.00037288665771484375
2026-04-29T21:17:53.211748,hit,Q5,0.0003371238708496094
2026-04-29T21:17:53.268919,hit,Q4,0.0004305839538574219
2026-04-29T21:17:53.325246,hit,Q1,0.0003631114959716797
2026-04-29T21:17:53.381365,hit,Q2,0.00029778480529785156
2026-04-29T21:17:53.492810,hit,Q5,0.0003323554992675781
2026-04-29T21:17:53.551436,hit,Q5,0.0002970695495605469
2026-04-29T21:17:53.664479,hit,Q5,0.00038886070251464844
2026-04-29T21:17:53.721105,hit,Q4,0.0004057884216308594
2026-04-29T21:17:53.777517,hit,Q3,0.00041222572326660156
2026-04-29T21:17:53.834567,hit,Q5,0.0003032684326171875
2026-04-29T21:17:53.893307,hit,Q4,0.000377655029296875
2026-04-29T21:17:53.951685,hit,Q2,0.0003993511199951172
2026-04-29T21:17:54.009586,hit,Q2,0.00040411949157714844
2026-04-29T21:17:54.067695,hit,Q1,0.0004303455352783203
2026-04-29T21:17:54.125257,hit,Q3,0.000331878662109375
2026-04-29T21:17:54.182093,hit,Q4,0.0004150867462158203
2026-04-29T21:17:54.238791,hit,Q3,0.0004093647003173828
2026-04-29T21:17:54.294514,hit,Q2,0.0002961158752441406
2026-04-29T21:17:54.349947,hit,Q4,0.000362396240234375
2026-04-29T21:17:54.405966,hit,Q3,0.00040340423583984375
2026-04-29T21:17:54.461776,hit,Q2,0.00037097930908203125
2026-04-29T21:17:54.518446,hit,Q2,0.0004010200500488281
2026-04-29T21:17:54.574042,hit,Q1,0.0004029273986816406
2026-04-29T21:17:54.630503,hit,Q2,0.0003197193145751953
2026-04-29T21:17:54.742078,hit,Q1,0.00041174888610839844
2026-04-29T21:17:54.798735,hit,Q3,0.0003917217254638672
2026-04-29T21:17:54.854735,hit,Q5,0.00034046173095703125
2026-04-29T21:17:54.915827,hit,Q4,0.0004699230194091797
2026-04-29T21:17:54.975433,hit,Q5,0.0006034374237060547
2026-04-29T21:17:55.034167,hit,Q1,0.0003924369812011719
2026-04-29T21:17:55.093051,hit,Q5,0.0004367828369140625
2026-04-29T21:17:55.150234,hit,Q3,0.00038051605224609375
2026-04-29T21:17:55.207345,hit,Q3,0.00034737586975097656
2026-04-29T21:17:55.265924,hit,Q3,0.00031375885009765625
2026-04-29T21:17:55.323239,hit,Q1,0.0003619194030761719
2026-04-29T21:17:55.379816,hit,Q4,0.00042438507080078125
2026-04-29T21:17:55.436599,hit,Q1,0.00032806396484375
2026-04-29T21:17:55.547456,hit,Q2,0.0003998279571533203
2026-04-29T21:17:55.603728,hit,Q3,0.0003750324249267578
2026-04-29T21:17:55.660309,hit,Q3,0.0004191398620605469
2026-04-29T21:17:55.716662,hit,Q1,0.00030994415283203125
2026-04-29T21:17:55.773587,hit,Q3,0.0003554821014404297
2026-04-29T21:17:55.830899,hit,Q1,0.00032019615173339844
2026-04-29T21:17:55.886580,hit,Q5,0.0002779960632324219
2026-04-29T21:17:55.941926,hit,Q3,0.0003154277801513672
2026-04-29T21:17:55.997773,hit,Q3,0.0003142356872558594
2026-04-29T21:17:56.053255,hit,Q1,0.0003037452697753906
2026-04-29T21:17:56.108739,hit,Q3,0.0003249645233154297
2026-04-29T21:17:56.164426,hit,Q5,0.00032520294189453125
2026-04-29T21:17:56.220526,hit,Q5,0.0003647804260253906
2026-04-29T21:17:56.332240,hit,Q5,0.00034236907958984375
2026-04-29T21:17:56.388857,hit,Q4,0.0002963542938232422
2026-04-29T21:17:56.445770,hit,Q4,0.0004303455352783203
2026-04-29T21:17:56.502243,hit,Q3,0.00037741661071777344
2026-04-29T21:17:56.559060,hit,Q2,0.00035500526428222656
2026-04-29T21:17:56.615474,hit,Q4,0.000396728515625
2026-04-29T21:17:56.671074,hit,Q4,0.0002884864807128906
2026-04-29T21:17:56.726915,hit,Q5,0.00030612945556640625
2026-04-29T21:17:56.782433,hit,Q1,0.00035953521728515625
2026-04-29T21:17:56.839772,hit,Q5,0.0004200935363769531
2026-04-29T21:17:56.897553,hit,Q1,0.00035834312438964844
2026-04-29T21:17:56.954529,hit,Q4,0.00032639503479003906
2026-04-29T21:17:57.010138,hit,Q4,0.0003218650817871094
2026-04-29T21:17:57.065763,hit,Q2,0.0002865791320800781
2026-04-29T21:17:57.121978,hit,Q3,0.0003345012664794922
2026-04-29T21:17:57.177763,hit,Q1,0.00030040740966796875
2026-04-29T21:17:57.234064,hit,Q1,0.0003483295440673828
2026-04-29T21:17:57.290691,hit,Q5,0.00038242340087890625
2026-04-29T21:17:57.348748,hit,Q2,0.0003535747528076172
2026-04-29T21:17:57.405315,hit,Q1,0.0003452301025390625
2026-04-29T21:17:57.461424,hit,Q5,0.00032329559326171875
2026-04-29T21:17:57.517388,hit,Q4,0.0003075599670410156
2026-04-29T21:17:57.574522,hit,Q4,0.00031113624572753906
2026-04-29T21:17:57.686714,hit,Q3,0.00032329559326171875
2026-04-29T21:17:57.744802,hit,Q1,0.0003993511199951172
2026-04-29T21:17:57.802228,hit,Q1,0.0004470348358154297
2026-04-29T21:17:57.859546,hit,Q1,0.0004124641418457031
2026-04-29T21:17:57.917157,hit,Q2,0.0003571510314941406
2026-04-29T21:17:58.028178,hit,Q1,0.0003857612609863281
2026-04-29T21:17:58.085331,hit,Q4,0.0004096031188964844
2026-04-29T21:17:58.142318,hit,Q3,0.00041961669921875
2026-04-29T21:17:58.199033,hit,Q2,0.00033783912658691406
2026-04-29T21:17:58.255926,hit,Q5,0.00039315223693847656
2026-04-29T21:17:58.312592,hit,Q3,0.0003132820129394531
2026-04-29T21:17:58.368965,hit,Q2,0.00027489662170410156
2026-04-29T21:17:58.423821,hit,Q1,0.0002968311309814453
2026-04-29T21:17:58.478784,hit,Q1,0.0003402233123779297
2026-04-29T21:17:58.534616,hit,Q3,0.0003104209899902344
2026-04-29T21:17:58.590547,hit,Q1,0.0002880096435546875
2026-04-29T21:17:58.646594,hit,Q1,0.0003190040588378906
2026-04-29T21:17:58.702359,hit,Q5,0.00030994415283203125
2026-04-29T21:17:58.758224,hit,Q4,0.0004024505615234375
2026-04-29T21:17:58.813896,hit,Q2,0.0003001689910888672
2026-04-29T21:17:58.868223,hit,Q1,0.00027251243591308594
2026-04-29T21:17:58.922806,hit,Q4,0.00029587745666503906
2026-04-29T21:17:58.977274,hit,Q1,0.00030493736267089844
2026-04-29T21:17:59.032038,hit,Q4,0.00032210350036621094
2026-04-29T21:17:59.086465,hit,Q4,0.00029468536376953125
2026-04-29T21:17:59.141202,hit,Q1,0.00029778480529785156
2026-04-29T21:17:59.195364,hit,Q3,0.00028252601623535156
2026-04-29T21:17:59.250572,hit,Q3,0.0003199577331542969
2026-04-29T21:17:59.305490,hit,Q5,0.0002887248992919922
2026-04-29T21:17:59.360287,hit,Q5,0.0002853870391845703
2026-04-29T21:17:59.414977,hit,Q1,0.0003581047058105469
2026-04-29T21:17:59.469362,hit,Q4,0.0002818107604980469
2026-04-29T21:17:59.524209,hit,Q3,0.00029850006103515625
2026-04-29T21:17:59.578463,hit,Q4,0.0003046989440917969
2026-04-29T21:17:59.633077,hit,Q4,0.0002818107604980469
2026-04-29T21:17:59.688066,hit,Q3,0.000274658203125
2026-04-29T21:17:59.742884,hit,Q5,0.00033211708068847656
2026-04-29T21:17:59.796998,hit,Q3,0.00028014183044433594
2026-04-29T21:17:59.851558,hit,Q3,0.0002880096435546875
2026-04-29T21:17:59.906335,hit,Q2,0.00029587745666503906
2026-04-29T21:17:59.960755,hit,Q2,0.0002715587615966797
2026-04-29T21:18:00.015106,hit,Q3,0.0002846717834472656
2026-04-29T21:18:00.069636,hit,Q5,0.0003097057342529297
2026-04-29T21:18:00.124311,hit,Q5,0.00029730796813964844
2026-04-29T21:18:00.178658,hit,Q1,0.00031685829162597656
2026-04-29T21:18:00.233283,hit,Q2,0.0003147125244140625
2026-04-29T21:18:00.287451,hit,Q5,0.00029277801513671875
2026-04-29T21:18:00.342417,hit,Q4,0.0003197193145751953
2026-04-29T21:18:00.397585,hit,Q3,0.0003142356872558594
2026-04-29T21:18:00.472676,hit,Q3,0.0003154277801513672
2026-04-29T21:18:00.527179,hit,Q1,0.00030159950256347656
2026-04-29T21:18:00.581723,hit,Q1,0.00030541419982910156
2026-04-29T21:18:00.635811,hit,Q3,0.00027561187744140625
2026-04-29T21:18:00.690225,hit,Q5,0.0002994537353515625
2026-04-29T21:18:00.744691,hit,Q3,0.0003025531768798828
2026-04-29T21:18:00.799779,hit,Q1,0.00032806396484375
2026-04-29T21:18:00.854470,hit,Q2,0.000274658203125
2026-04-29T21:18:00.908602,hit,Q1,0.0002810955047607422
2026-04-29T21:18:00.963642,hit,Q1,0.00027680397033691406
2026-04-29T21:18:01.018190,hit,Q5,0.0003445148468017578
2026-04-29T21:18:01.072400,hit,Q3,0.0002808570861816406
2026-04-29T21:18:01.127066,hit,Q5,0.00027823448181152344
2026-04-29T21:18:01.181968,hit,Q4,0.00042629241943359375
2026-04-29T21:18:01.238654,hit,Q3,0.0003695487976074219
2026-04-29T21:18:01.293967,hit,Q2,0.00031757354736328125
2026-04-29T21:18:01.348355,hit,Q3,0.0002963542938232422
2026-04-29T21:18:01.402558,hit,Q1,0.00029158592224121094
2026-04-29T21:18:01.457130,hit,Q5,0.00027823448181152344
2026-04-29T21:18:01.511306,hit,Q2,0.0003159046173095703
2026-04-29T21:18:01.565189,hit,Q2,0.00026869773864746094
2026-04-29T21:18:01.619333,hit,Q1,0.0002830028533935547
2026-04-29T21:18:01.673493,hit,Q1,0.0003001689910888672
2026-04-29T21:18:01.727923,hit,Q1,0.0002830028533935547
2026-04-29T21:18:01.781934,hit,Q2,0.00030350685119628906
2026-04-29T21:18:01.836783,hit,Q5,0.0003178119659423828
2026-04-29T21:18:01.891147,hit,Q4,0.0003142356872558594
2026-04-29T21:18:01.945901,hit,Q5,0.00032258033752441406
2026-04-29T21:18:02.000699,hit,Q3,0.00035381317138671875
2026-04-29T21:18:02.055883,hit,Q3,0.0004532337188720703
2026-04-29T21:18:02.112790,hit,Q1,0.00030422210693359375
2026-04-29T21:18:02.167469,hit,Q2,0.00038123130798339844
2026-04-29T21:18:02.222602,hit,Q2,0.00036025047302246094
2026-04-29T21:18:02.277428,hit,Q3,0.0003082752227783203
2026-04-29T21:18:02.332575,hit,Q3,0.000324249267578125
2026-04-29T21:18:02.387460,hit,Q2,0.0002703666687011719
2026-04-29T21:18:02.442455,hit,Q3,0.00036835670471191406
2026-04-29T21:18:02.497153,hit,Q1,0.00036144256591796875
2026-04-29T21:18:02.551877,hit,Q5,0.0003578662872314453
2026-04-29T21:18:02.606678,hit,Q5,0.0003101825714111328
2026-04-29T21:18:02.661012,hit,Q1,0.0002682209014892578
2026-04-29T21:18:02.714997,hit,Q2,0.0002651214599609375
2026-04-29T21:18:02.768875,hit,Q5,0.000286102294921875
2026-04-29T21:18:02.823071,hit,Q1,0.0002932548522949219
2026-04-29T21:18:02.877159,hit,Q1,0.0003142356872558594
2026-04-29T21:18:02.931115,hit,Q2,0.0002694129943847656
2026-04-29T21:18:02.985511,hit,Q5,0.0003085136413574219
2026-04-29T21:18:03.040298,hit,Q5,0.0003440380096435547
2026-04-29T21:18:03.095083,hit,Q3,0.0003020763397216797
2026-04-29T21:18:03.150386,hit,Q3,0.0003314018249511719
2026-04-29T21:18:03.204908,hit,Q2,0.00029754638671875
2026-04-29T21:18:03.259601,hit,Q5,0.00027680397033691406
2026-04-29T21:18:03.315534,hit,Q2,0.0003211498260498047
2026-04-29T21:18:03.370498,hit,Q1,0.0002968311309814453
2026-04-29T21:18:03.424791,hit,Q4,0.00026798248291015625
2026-04-29T21:18:03.479645,hit,Q5,0.00032258033752441406
2026-04-29T21:18:03.534505,hit,Q4,0.0002930164337158203
2026-04-29T21:18:03.589105,hit,Q3,0.00030112266540527344
2026-04-29T21:18:03.643734,hit,Q5,0.0004169940948486328
2026-04-29T21:18:03.698535,hit,Q3,0.0002815723419189453
2026-04-29T21:18:03.753419,hit,Q1,0.00031757354736328125
2026-04-29T21:18:03.808221,hit,Q4,0.00027489662170410156
2026-04-29T21:18:03.862725,hit,Q5,0.0004029273986816406
2026-04-29T21:18:03.917138,hit,Q2,0.0002808570861816406
2026-04-29T21:18:03.971434,hit,Q4,0.00032591819763183594
2026-04-29T21:18:04.025583,hit,Q5,0.00029015541076660156
2026-04-29T21:18:04.079700,hit,Q5,0.00027561187744140625
2026-04-29T21:18:04.134480,hit,Q5,0.00026679039001464844
2026-04-29T21:18:04.189295,hit,Q2,0.0003032684326171875
2026-04-29T21:18:04.243563,hit,Q5,0.00031185150146484375
2026-04-29T21:18:04.297730,hit,Q4,0.0002949237823486328
2026-04-29T21:18:04.351941,hit,Q4,0.0002789497375488281
2026-04-29T21:18:04.406471,hit,Q2,0.00034880638122558594
2026-04-29T21:18:04.460866,hit,Q3,0.0002942085266113281
2026-04-29T21:18:04.515590,hit,Q5,0.00027680397033691406
2026-04-29T21:18:04.570001,hit,Q2,0.00034427642822265625
2026-04-29T21:18:04.624709,hit,Q4,0.0003120899200439453
2026-04-29T21:18:04.678946,hit,Q4,0.0002818107604980469
2026-04-29T21:18:04.733971,hit,Q3,0.00037169456481933594
2026-04-29T21:18:04.788418,hit,Q1,0.00030612945556640625
2026-04-29T21:18:04.842706,hit,Q4,0.0003020763397216797
2026-04-29T21:18:04.897572,hit,Q2,0.00028824806213378906
2026-04-29T21:18:06.842341,hit,Q4,0.00034117698669433594
2026-04-29T21:18:06.897856,hit,Q5,0.0003688335418701172
2026-04-29T21:18:06.953745,hit,Q1,0.0003688335418701172
2026-04-29T21:18:07.009417,hit,Q2,0.0002617835998535156
2026-04-29T21:18:07.065505,hit,Q3,0.0003979206085205078
2026-04-29T21:18:07.120910,hit,Q4,0.0002624988555908203
2026-04-29T21:18:07.176956,hit,Q1,0.0002598762512207031
2026-04-29T21:18:07.232407,hit,Q2,0.00027060508728027344
2026-04-29T21:18:07.287887,hit,Q4,0.00028514862060546875
2026-04-29T21:18:07.343118,hit,Q1,0.00038743019104003906
2026-04-29T21:18:07.398610,hit,Q5,0.0002772808074951172
2026-04-29T21:18:07.453741,hit,Q5,0.00027942657470703125
2026-04-29T21:18:07.508876,hit,Q4,0.00029397010803222656
2026-04-29T21:18:07.563791,hit,Q4,0.00029468536376953125
2026-04-29T21:18:07.619070,hit,Q2,0.000286102294921875
2026-04-29T21:18:07.674662,hit,Q5,0.00026798248291015625
2026-04-29T21:18:07.729906,hit,Q5,0.00030875205993652344
2026-04-29T21:18:07.787330,hit,Q5,0.00036215782165527344
2026-04-29T21:18:07.843383,hit,Q3,0.0003018379211425781
2026-04-29T21:18:07.898867,hit,Q3,0.00028204917907714844
2026-04-29T21:18:07.954379,hit,Q1,0.0003120899200439453
2026-04-29T21:18:08.010293,hit,Q1,0.0002918243408203125
2026-04-29T21:18:08.065739,hit,Q3,0.00036334991455078125
2026-04-29T21:18:08.121426,hit,Q3,0.0003323554992675781
2026-04-29T21:18:08.177196,hit,Q4,0.0003516674041748047
2026-04-29T21:18:08.232597,hit,Q5,0.0003008842468261719
2026-04-29T21:18:08.287919,hit,Q4,0.00035071372985839844
2026-04-29T21:18:08.343054,hit,Q1,0.00032138824462890625
2026-04-29T21:18:08.397902,hit,Q3,0.00029850006103515625
2026-04-29T21:18:08.453479,hit,Q2,0.00030541419982910156
2026-04-29T21:18:08.508678,hit,Q3,0.00032401084899902344
2026-04-29T21:18:08.563897,hit,Q1,0.00031566619873046875
2026-04-29T21:18:08.619470,hit,Q5,0.0003826618194580078
2026-04-29T21:18:08.677200,hit,Q3,0.0005269050598144531
2026-04-29T21:18:08.738179,hit,Q3,0.0006086826324462891
2026-04-29T21:18:08.795847,hit,Q5,0.0004334449768066406
2026-04-29T21:18:08.851768,hit,Q5,0.00029754638671875
2026-04-29T21:18:08.906993,hit,Q1,0.0002777576446533203
2026-04-29T21:18:08.962787,hit,Q3,0.00032019615173339844
2026-04-29T21:18:09.018215,hit,Q4,0.0003981590270996094
2026-04-29T21:18:09.073511,hit,Q5,0.0002837181091308594
2026-04-29T21:18:09.128842,hit,Q3,0.00028061866760253906
2026-04-29T21:18:09.183756,hit,Q2,0.00029850006103515625
2026-04-29T21:18:09.239367,hit,Q4,0.0002770423889160156
2026-04-29T21:18:09.294474,hit,Q5,0.00029277801513671875
2026-04-29T21:18:09.349696,hit,Q4,0.0003082752227783203
2026-04-29T21:18:09.404987,hit,Q5,0.0003604888916015625
2026-04-29T21:18:09.459682,hit,Q2,0.0003249645233154297
2026-04-29T21:18:09.514737,hit,Q4,0.00032973289489746094
2026-04-29T21:18:09.569811,hit,Q2,0.00030493736267089844
2026-04-29T21:18:09.624652,hit,Q3,0.0003025531768798828
2026-04-29T21:18:09.679697,hit,Q1,0.00027751922607421875
2026-04-29T21:18:09.734551,hit,Q5,0.0002689361572265625
2026-04-29T21:18:09.789761,hit,Q4,0.000308990478515625
2026-04-29T21:18:09.845237,hit,Q4,0.00032639503479003906
2026-04-29T21:18:09.899910,hit,Q5,0.00027632713317871094
2026-04-29T21:18:09.955074,hit,Q4,0.00029277801513671875
2026-04-29T21:18:10.010869,hit,Q2,0.0003631114959716797
2026-04-29T21:18:10.066833,hit,Q1,0.0004036426544189453
2026-04-29T21:18:10.122132,hit,Q4,0.00030875205993652344
2026-04-29T21:18:10.177551,hit,Q1,0.00032830238342285156
2026-04-29T21:18:10.233254,hit,Q5,0.00031280517578125
2026-04-29T21:18:10.288758,hit,Q1,0.00029921531677246094
2026-04-29T21:18:10.344182,hit,Q1,0.00038051605224609375
2026-04-29T21:18:10.400854,hit,Q4,0.0003707408905029297
2026-04-29T21:18:10.457493,hit,Q1,0.000301361083984375
2026-04-29T21:18:10.513128,hit,Q3,0.0003287792205810547
2026-04-29T21:18:10.568392,hit,Q1,0.00029730796813964844
2026-04-29T21:18:10.623331,hit,Q5,0.00032138824462890625
2026-04-29T21:18:10.678746,hit,Q5,0.0002918243408203125
2026-04-29T21:18:10.734138,hit,Q1,0.00029730796813964844
2026-04-29T21:18:10.788894,hit,Q5,0.0003001689910888672
2026-04-29T21:18:10.844032,hit,Q2,0.0003573894500732422
2026-04-29T21:18:10.899405,hit,Q2,0.0002799034118652344
2026-04-29T21:18:10.954741,hit,Q3,0.00029158592224121094
2026-04-29T21:18:11.009774,hit,Q4,0.0003027915954589844
2026-04-29T21:18:11.064880,hit,Q3,0.0002944469451904297
2026-04-29T21:18:11.119992,hit,Q1,0.0002994537353515625
2026-04-29T21:18:11.175024,hit,Q4,0.0002987384796142578
2026-04-29T21:18:11.230241,hit,Q3,0.00028324127197265625
2026-04-29T21:18:11.284981,hit,Q3,0.0003426074981689453
2026-04-29T21:18:11.340325,hit,Q5,0.0003437995910644531
2026-04-29T21:18:11.396227,hit,Q3,0.00036215782165527344
2026-04-29T21:18:11.452356,hit,Q4,0.0003075599670410156
2026-04-29T21:18:11.509212,hit,Q2,0.0003952980041503906
2026-04-29T21:18:11.565140,hit,Q4,0.00032019615173339844
2026-04-29T21:18:11.620961,hit,Q3,0.0003829002380371094
2026-04-29T21:18:11.678743,hit,Q1,0.0002987384796142578
2026-04-29T21:18:11.735987,hit,Q1,0.0004317760467529297
2026-04-29T21:18:11.792704,hit,Q1,0.0003764629364013672
2026-04-29T21:18:11.849097,hit,Q5,0.000370025634765625
2026-04-29T21:18:11.904783,hit,Q1,0.00039649009704589844
2026-04-29T21:18:11.961213,hit,Q1,0.0003325939178466797
2026-04-29T21:18:12.018321,hit,Q3,0.0003998279571533203
2026-04-29T21:18:12.074408,hit,Q5,0.00046753883361816406
2026-04-29T21:18:12.131671,hit,Q3,0.00031566619873046875
2026-04-29T21:18:12.187111,hit,Q4,0.00028204917907714844
2026-04-29T21:18:12.242656,hit,Q3,0.0002810955047607422
2026-04-29T21:18:12.297938,hit,Q4,0.0004286766052246094
2026-04-29T21:18:12.354674,hit,Q2,0.0003612041473388672
2026-04-29T21:18:12.410771,hit,Q4,0.0003743171691894531
2026-04-29T21:18:12.467651,hit,Q3,0.00030922889709472656
2026-04-29T21:18:12.524721,hit,Q4,0.0003757476806640625
2026-04-29T21:18:12.580170,hit,Q4,0.00027489662170410156
2026-04-29T21:18:12.634925,hit,Q1,0.000316619873046875
2026-04-29T21:18:12.690513,hit,Q2,0.00027871131896972656
2026-04-29T21:18:12.745960,hit,Q1,0.00036597251892089844
2026-04-29T21:18:12.802025,hit,Q2,0.0004458427429199219
2026-04-29T21:18:12.857614,hit,Q1,0.0003211498260498047
2026-04-29T21:18:12.913231,hit,Q2,0.0003018379211425781
2026-04-29T21:18:12.968682,hit,Q4,0.00032591819763183594
2026-04-29T21:18:13.023322,hit,Q5,0.00029349327087402344
2026-04-29T21:18:13.078727,hit,Q2,0.00029540061950683594
2026-04-29T21:18:13.134122,hit,Q5,0.0002751350402832031
2026-04-29T21:18:13.189251,hit,Q5,0.00027251243591308594
2026-04-29T21:18:13.245333,hit,Q3,0.0003676414489746094
2026-04-29T21:18:13.300745,hit,Q1,0.00029730796813964844
2026-04-29T21:18:13.355801,hit,Q2,0.0003032684326171875
2026-04-29T21:18:13.410741,hit,Q4,0.0002868175506591797
2026-04-29T21:18:13.466249,hit,Q2,0.0003108978271484375
2026-04-29T21:18:13.521813,hit,Q5,0.0003573894500732422
2026-04-29T21:18:13.577682,hit,Q2,0.0003733634948730469
2026-04-29T21:18:13.633834,hit,Q5,0.00039768218994140625
2026-04-29T21:18:13.690326,hit,Q5,0.0003142356872558594
2026-04-29T21:18:13.746996,hit,Q4,0.0003097057342529297
2026-04-29T21:18:13.802926,hit,Q1,0.00030922889709472656
2026-04-29T21:18:13.858821,hit,Q4,0.0003476142883300781
2026-04-29T21:18:13.914765,hit,Q5,0.00035071372985839844
2026-04-29T21:18:13.971115,hit,Q2,0.00031280517578125
2026-04-29T21:18:14.026885,hit,Q3,0.0003142356872558594
2026-04-29T21:18:14.083497,hit,Q3,0.0004420280456542969
2026-04-29T21:18:14.139945,hit,Q2,0.0003821849822998047
2026-04-29T21:18:14.196478,hit,Q4,0.00031757354736328125
2026-04-29T21:18:14.307687,hit,Q5,0.00039839744567871094
2026-04-29T21:18:14.366467,hit,Q1,0.0003314018249511719
2026-04-29T21:18:14.423620,hit,Q3,0.00044846534729003906
2026-04-29T21:18:14.480689,hit,Q1,0.00042319297790527344
2026-04-29T21:18:14.537398,hit,Q5,0.0003578662872314453
2026-04-29T21:18:14.593828,hit,Q1,0.00035381317138671875
2026-04-29T21:18:14.649769,hit,Q5,0.00037407875061035156
2026-04-29T21:18:14.705535,hit,Q5,0.0002932548522949219
2026-04-29T21:18:14.761050,hit,Q5,0.0003616809844970703
2026-04-29T21:18:14.817108,hit,Q4,0.00030517578125
2026-04-29T21:18:14.873895,hit,Q4,0.0003077983856201172
2026-04-29T21:18:14.930151,hit,Q2,0.0003108978271484375
2026-04-29T21:18:14.985932,hit,Q5,0.00037217140197753906
2026-04-29T21:18:15.041360,hit,Q3,0.00037384033203125
2026-04-29T21:18:15.096373,hit,Q4,0.0002734661102294922
2026-04-29T21:18:15.151545,hit,Q3,0.0002989768981933594
2026-04-29T21:18:15.207256,hit,Q3,0.0003898143768310547
2026-04-29T21:18:15.263028,hit,Q3,0.00029540061950683594
2026-04-29T21:18:15.319013,hit,Q1,0.00029015541076660156
2026-04-29T21:18:15.374488,hit,Q4,0.0002913475036621094
2026-04-29T21:18:15.430456,hit,Q2,0.00029778480529785156
2026-04-29T21:18:15.486292,hit,Q5,0.0002865791320800781
2026-04-29T21:18:15.541653,hit,Q1,0.0003066062927246094
2026-04-29T21:18:15.597138,hit,Q3,0.00041365623474121094
2026-04-29T21:18:15.653754,hit,Q1,0.0003979206085205078
2026-04-29T21:18:15.710599,hit,Q4,0.000301361083984375
2026-04-29T21:18:15.766211,hit,Q1,0.0003540515899658203
2026-04-29T21:18:15.822110,hit,Q4,0.0003902912139892578
2026-04-29T21:18:15.878430,hit,Q1,0.0003695487976074219
2026-04-29T21:18:15.934748,hit,Q5,0.00030612945556640625
2026-04-29T21:18:15.990059,hit,Q4,0.0003204345703125
2026-04-29T21:18:16.045680,hit,Q5,0.00029778480529785156
2026-04-29T21:18:17.135365,hit,Q4,0.0002880096435546875
2026-04-29T21:18:17.190635,hit,Q4,0.00032711029052734375
2026-04-29T21:18:17.246311,hit,Q3,0.0003681182861328125
2026-04-29T21:18:17.302021,hit,Q3,0.00027751922607421875
2026-04-29T21:18:18.839520,hit,Q2,0.0003147125244140625
2026-04-29T21:18:18.895681,hit,Q4,0.0002887248992919922
2026-04-29T21:18:18.951385,hit,Q1,0.0002951622009277344
2026-04-29T21:18:19.006774,hit,Q4,0.00028443336486816406
2026-04-29T21:18:19.062070,hit,Q4,0.0003292560577392578
2026-04-29T21:18:19.117289,hit,Q3,0.0002765655517578125
2026-04-29T21:18:19.172330,hit,Q2,0.0003268718719482422
2026-04-29T21:18:19.227480,hit,Q5,0.0002810955047607422
2026-04-29T21:18:19.283237,hit,Q4,0.0003299713134765625
2026-04-29T21:18:19.338972,hit,Q5,0.0003132820129394531
2026-04-29T21:18:19.394910,hit,Q3,0.0003829002380371094
2026-04-29T21:18:19.450531,hit,Q2,0.0003027915954589844
2026-04-29T21:18:19.506058,hit,Q2,0.00039076805114746094
2026-04-29T21:18:19.561756,hit,Q3,0.00029206275939941406
2026-04-29T21:18:19.616786,hit,Q3,0.00030040740966796875
2026-04-29T21:18:19.672173,hit,Q5,0.0003135204315185547
2026-04-29T21:18:19.727616,hit,Q5,0.0002772808074951172
2026-04-29T21:18:19.783881,hit,Q5,0.00046825408935546875
2026-04-29T21:18:19.839762,hit,Q5,0.0003135204315185547
2026-04-29T21:18:19.895784,hit,Q3,0.00030159950256347656
2026-04-29T21:18:19.951465,hit,Q4,0.00030994415283203125
2026-04-29T21:18:20.007094,hit,Q3,0.0002732276916503906
2026-04-29T21:18:20.062853,hit,Q2,0.0003151893615722656
2026-04-29T21:18:20.118666,hit,Q4,0.0003304481506347656
2026-04-29T21:18:20.174474,hit,Q2,0.0003826618194580078
2026-04-29T21:18:20.229833,hit,Q5,0.0002951622009277344
2026-04-29T21:18:20.285828,hit,Q4,0.0003173351287841797
2026-04-29T21:18:20.342014,hit,Q5,0.0003452301025390625
2026-04-29T21:18:20.398473,hit,Q5,0.0002970695495605469
2026-04-29T21:18:20.453967,hit,Q4,0.00032591819763183594
2026-04-29T21:18:20.509577,hit,Q3,0.000286102294921875
2026-04-29T21:18:20.565781,hit,Q2,0.00028228759765625
2026-04-29T21:18:20.621270,hit,Q5,0.00026988983154296875
2026-04-29T21:18:20.676936,hit,Q2,0.0002970695495605469
2026-04-29T21:18:20.732330,hit,Q3,0.00029015541076660156
2026-04-29T21:18:20.788544,hit,Q5,0.0003211498260498047
2026-04-29T21:18:20.844848,hit,Q2,0.00028896331787109375
2026-04-29T21:18:20.900738,hit,Q4,0.0003070831298828125
2026-04-29T21:18:20.956854,hit,Q5,0.0004954338073730469
2026-04-29T21:18:21.012046,hit,Q3,0.0002911090850830078
2026-04-29T21:18:21.067508,hit,Q3,0.0003180503845214844
2026-04-29T21:18:21.123451,hit,Q2,0.000324249267578125
2026-04-29T21:18:21.179137,hit,Q5,0.00030732154846191406
2026-04-29T21:18:21.234965,hit,Q3,0.0003142356872558594
2026-04-29T21:18:21.290511,hit,Q4,0.000286102294921875
2026-04-29T21:18:21.346433,hit,Q3,0.0002818107604980469
2026-04-29T21:18:21.402373,hit,Q1,0.00030541419982910156
2026-04-29T21:18:21.457988,hit,Q1,0.00039649009704589844
2026-04-29T21:18:21.513920,hit,Q3,0.00039887428283691406
2026-04-29T21:18:21.569961,hit,Q1,0.0003101825714111328
2026-04-29T21:18:21.625846,hit,Q4,0.0005402565002441406
2026-04-29T21:18:21.684291,hit,Q3,0.0002796649932861328
2026-04-29T21:18:21.740153,hit,Q3,0.0003590583801269531
2026-04-29T21:18:21.795167,hit,Q4,0.00029158592224121094
2026-04-29T21:18:21.850675,hit,Q3,0.0003743171691894531
2026-04-29T21:18:21.905817,hit,Q5,0.0002923011779785156
2026-04-29T21:18:21.961261,hit,Q4,0.0003180503845214844
2026-04-29T21:18:22.017087,hit,Q5,0.0003066062927246094
2026-04-29T21:18:22.072693,hit,Q1,0.0003218650817871094
2026-04-29T21:18:22.129123,hit,Q3,0.0003514289855957031
2026-04-29T21:18:22.185454,hit,Q3,0.00036263465881347656
2026-04-29T21:18:22.242396,hit,Q5,0.00032782554626464844
2026-04-29T21:18:22.297656,hit,Q4,0.00032806396484375
2026-04-29T21:18:22.353827,hit,Q1,0.00031280517578125
2026-04-29T21:18:22.409986,hit,Q5,0.0003941059112548828
2026-04-29T21:18:22.466127,hit,Q3,0.00036072731018066406
2026-04-29T21:18:22.521613,hit,Q3,0.00029540061950683594
2026-04-29T21:18:22.577525,hit,Q4,0.00028514862060546875
2026-04-29T21:18:22.687626,hit,Q4,0.00033926963806152344
2026-04-29T21:18:22.744145,hit,Q4,0.00029349327087402344
2026-04-29T21:18:22.800931,hit,Q1,0.00030994415283203125
2026-04-29T21:18:22.857570,hit,Q1,0.00033545494079589844
2026-04-29T21:18:22.914348,hit,Q1,0.00040602684020996094
2026-04-29T21:18:22.970223,hit,Q2,0.00035858154296875
2026-04-29T21:18:23.025689,hit,Q1,0.0003025531768798828
2026-04-29T21:18:23.080649,hit,Q5,0.0002951622009277344
2026-04-29T21:18:23.136596,hit,Q5,0.0002913475036621094
2026-04-29T21:18:23.192155,hit,Q4,0.0002961158752441406
2026-04-29T21:18:23.248309,hit,Q5,0.00036072731018066406
2026-04-29T21:18:23.303564,hit,Q1,0.00032258033752441406
2026-04-29T21:18:23.358990,hit,Q5,0.0002944469451904297
2026-04-29T21:18:23.414841,hit,Q4,0.0003254413604736328
2026-04-29T21:18:23.470827,hit,Q2,0.00031065940856933594
2026-04-29T21:18:23.526405,hit,Q5,0.00028133392333984375
2026-04-29T21:18:23.582020,hit,Q1,0.0003345012664794922
2026-04-29T21:18:23.637780,hit,Q3,0.0003070831298828125
2026-04-29T21:18:23.693254,hit,Q1,0.0003185272216796875
2026-04-29T21:18:23.748612,hit,Q2,0.0003066062927246094
2026-04-29T21:18:23.804184,hit,Q2,0.0003457069396972656
2026-04-29T21:18:23.859906,hit,Q5,0.0003190040588378906
2026-04-29T21:18:23.915702,hit,Q2,0.0003001689910888672
2026-04-29T21:18:23.971120,hit,Q1,0.0003275871276855469
2026-04-29T21:18:24.026558,hit,Q4,0.0003199577331542969
2026-04-29T21:18:24.082507,hit,Q3,0.0003046989440917969
2026-04-29T21:18:24.138376,hit,Q1,0.00030875205993652344
2026-04-29T21:18:24.194036,hit,Q1,0.00036454200744628906
2026-04-29T21:18:24.249826,hit,Q4,0.00038170814514160156
2026-04-29T21:18:24.305881,hit,Q2,0.00028705596923828125
2026-04-29T21:18:24.362363,hit,Q5,0.0004220008850097656
2026-04-29T21:18:24.419061,hit,Q1,0.00042247772216796875
2026-04-29T21:18:24.474896,hit,Q1,0.00034117698669433594
2026-04-29T21:18:24.530964,hit,Q5,0.0002732276916503906
2026-04-29T21:18:24.642277,hit,Q4,0.0003826618194580078
2026-04-29T21:18:24.698856,hit,Q4,0.0003895759582519531
2026-04-29T21:18:24.756054,hit,Q4,0.00031828880310058594
2026-04-29T21:18:24.813399,hit,Q1,0.00037741661071777344
2026-04-29T21:18:24.870568,hit,Q4,0.0003199577331542969
2026-04-29T21:18:24.927019,hit,Q1,0.00034117698669433594
2026-04-29T21:18:24.982534,hit,Q3,0.0002899169921875
2026-04-29T21:18:25.038379,hit,Q4,0.0002856254577636719
2026-04-29T21:18:25.093779,hit,Q3,0.0002899169921875
2026-04-29T21:18:25.149323,hit,Q3,0.0003237724304199219
2026-04-29T21:18:25.205296,hit,Q1,0.00030994415283203125
2026-04-29T21:18:25.261026,hit,Q1,0.0002884864807128906
2026-04-29T21:18:25.316685,hit,Q2,0.000278472900390625
2026-04-29T21:18:25.371507,hit,Q3,0.00037169456481933594
2026-04-29T21:18:25.426449,hit,Q1,0.0002994537353515625
2026-04-29T21:18:25.481201,hit,Q2,0.0003046989440917969
2026-04-29T21:18:25.536548,hit,Q1,0.00028967857360839844
2026-04-29T21:18:25.593445,hit,Q1,0.00043201446533203125
2026-04-29T21:18:25.652207,hit,Q1,0.0004169940948486328
2026-04-29T21:18:25.710742,hit,Q2,0.00047016143798828125
2026-04-29T21:18:25.766254,hit,Q4,0.00028705596923828125
2026-04-29T21:18:25.820836,hit,Q5,0.00032448768615722656
2026-04-29T21:18:25.875946,hit,Q4,0.00044155120849609375
2026-04-29T21:18:25.931050,hit,Q1,0.0002734661102294922
2026-04-29T21:18:25.985846,hit,Q2,0.0002727508544921875
2026-04-29T21:18:26.040596,hit,Q5,0.00026607513427734375
2026-04-29T21:18:26.095529,hit,Q1,0.00029778480529785156
2026-04-29T21:18:26.150551,hit,Q2,0.0003540515899658203
2026-04-29T21:18:26.206205,hit,Q5,0.0002827644348144531
2026-04-29T21:18:26.261460,hit,Q1,0.0002994537353515625
2026-04-29T21:18:26.316141,hit,Q4,0.0002982616424560547
2026-04-29T21:18:26.370586,hit,Q1,0.0003006458282470703
2026-04-29T21:18:26.426097,hit,Q1,0.0005059242248535156
2026-04-29T21:18:26.481200,hit,Q1,0.0003180503845214844
2026-04-29T21:18:26.535957,hit,Q1,0.00028705596923828125
2026-04-29T21:18:26.590899,hit,Q5,0.00030541419982910156
2026-04-29T21:18:26.646129,hit,Q5,0.0005166530609130859
2026-04-29T21:18:26.701119,hit,Q3,0.0003428459167480469
2026-04-29T21:18:26.810103,hit,Q3,0.0003905296325683594
2026-04-29T21:18:26.865798,hit,Q1,0.0003294944763183594
2026-04-29T21:18:26.921471,hit,Q2,0.0003509521484375
2026-04-29T21:18:26.978114,hit,Q5,0.0003871917724609375
2026-04-29T21:18:27.033242,hit,Q5,0.00032520294189453125
2026-04-29T21:18:27.088751,hit,Q1,0.0002961158752441406
2026-04-29T21:18:27.197694,hit,Q3,0.0003542900085449219
2026-04-29T21:18:27.253789,hit,Q3,0.00035262107849121094
2026-04-29T21:18:27.309589,hit,Q4,0.0003387928009033203
2026-04-29T21:18:27.365618,hit,Q1,0.0003097057342529297
2026-04-29T21:18:27.421458,hit,Q5,0.00037932395935058594
2026-04-29T21:18:27.476748,hit,Q1,0.0003159046173095703
2026-04-29T21:18:27.532139,hit,Q3,0.00030517578125
2026-04-29T21:18:27.586729,hit,Q1,0.0002880096435546875
2026-04-29T21:18:27.641413,hit,Q3,0.0003933906555175781
2026-04-29T21:18:27.696917,hit,Q1,0.0003685951232910156
2026-04-29T21:18:27.752085,hit,Q4,0.0002567768096923828
2026-04-29T21:18:27.807346,hit,Q2,0.00029921531677246094
2026-04-29T21:18:27.862315,hit,Q1,0.0003120899200439453
2026-04-29T21:18:27.917267,hit,Q3,0.0003056526184082031
2026-04-29T21:18:27.971713,hit,Q5,0.00036525726318359375
2026-04-29T21:18:28.026597,hit,Q2,0.00029659271240234375
2026-04-29T21:18:28.081844,hit,Q5,0.00031495094299316406
2026-04-29T21:18:28.138075,hit,Q2,0.00037932395935058594
2026-04-29T21:18:28.193598,hit,Q3,0.0003669261932373047
2026-04-29T21:18:28.249365,hit,Q4,0.0003399848937988281
2026-04-29T21:18:28.304961,hit,Q1,0.00031566619873046875
2026-04-29T21:18:28.360329,hit,Q3,0.0002818107604980469
2026-04-29T21:18:28.415299,hit,Q3,0.0005395412445068359
2026-04-29T21:18:28.470458,hit,Q5,0.0003104209899902344
2026-04-29T21:18:28.524951,hit,Q3,0.00029015541076660156
2026-04-29T21:18:28.579543,hit,Q1,0.00030922889709472656
2026-04-29T21:18:28.634741,hit,Q2,0.00039458274841308594
2026-04-29T21:18:28.689355,hit,Q5,0.0002968311309814453
2026-04-29T21:18:28.743844,hit,Q3,0.0003714561462402344
2026-04-29T21:18:28.798916,hit,Q3,0.0002789497375488281
2026-04-29T21:18:28.853727,hit,Q4,0.0002956390380859375
2026-04-29T21:18:28.909655,hit,Q2,0.0003924369812011719
2026-04-29T21:18:28.964379,hit,Q3,0.0002903938293457031
2026-04-29T21:18:29.018864,hit,Q1,0.0003063678741455078
2026-04-29T21:18:29.074071,hit,Q2,0.00030732154846191406
2026-04-29T21:18:29.128815,hit,Q4,0.0002818107604980469
2026-04-29T21:18:29.183797,hit,Q2,0.0003070831298828125
2026-04-29T21:18:29.238437,hit,Q3,0.00027823448181152344
2026-04-29T21:18:29.293920,hit,Q3,0.0004334449768066406
2026-04-29T21:18:29.349261,hit,Q1,0.0002818107604980469
2026-04-29T21:18:29.403962,hit,Q5,0.00037550926208496094
2026-04-29T21:18:29.458738,hit,Q5,0.00029778480529785156
2026-04-29T21:18:29.513676,hit,Q4,0.0003020763397216797
2026-04-29T21:18:29.622850,hit,Q1,0.00045108795166015625
2026-04-29T21:18:29.679033,hit,Q4,0.00039005279541015625
2026-04-29T21:18:29.734746,hit,Q2,0.0003142356872558594
2026-04-29T21:18:29.790393,hit,Q5,0.0003135204315185547
2026-04-29T21:18:29.846279,hit,Q1,0.0003521442413330078
2026-04-29T21:18:29.901274,hit,Q3,0.0002849102020263672
2026-04-29T21:18:29.956991,hit,Q2,0.0003654956817626953
2026-04-29T21:18:30.012186,hit,Q5,0.0002856254577636719
2026-04-29T21:18:30.067043,hit,Q3,0.00028824806213378906
2026-04-29T21:18:30.121999,hit,Q3,0.0003750324249267578
2026-04-29T21:18:30.230151,hit,Q5,0.0003955364227294922
2026-04-29T21:18:30.285572,hit,Q1,0.00028133392333984375
2026-04-29T21:18:30.341828,hit,Q5,0.0003662109375
2026-04-29T21:18:30.397451,hit,Q5,0.0002765655517578125
2026-04-29T21:18:30.452791,hit,Q3,0.0003352165222167969
2026-04-29T21:18:30.507917,hit,Q5,0.00029158592224121094
2026-04-29T21:18:30.562960,hit,Q1,0.00027632713317871094
2026-04-29T21:18:30.617949,hit,Q1,0.000362396240234375
2026-04-29T21:18:30.673454,hit,Q2,0.0003762245178222656
2026-04-29T21:18:30.729647,hit,Q1,0.0003056526184082031
2026-04-29T21:18:30.784440,hit,Q3,0.0002810955047607422
2026-04-29T21:18:30.838915,hit,Q1,0.0003228187561035156
2026-04-29T21:18:30.894055,hit,Q4,0.00031757354736328125
2026-04-29T21:18:30.948847,hit,Q4,0.0002810955047607422
2026-04-29T21:18:31.004141,hit,Q3,0.0003485679626464844
2026-04-29T21:18:31.058495,hit,Q2,0.0002865791320800781
2026-04-29T21:18:31.113800,hit,Q1,0.0002789497375488281
2026-04-29T21:18:31.168725,hit,Q1,0.0002856254577636719
2026-04-29T21:18:31.223748,hit,Q1,0.0002961158752441406
2026-04-29T21:18:31.278151,hit,Q4,0.0003540515899658203
2026-04-29T21:18:31.333292,hit,Q5,0.00032973289489746094
2026-04-29T21:18:31.389609,hit,Q3,0.00037169456481933594
2026-04-29T21:18:31.445469,hit,Q5,0.00027441978454589844
2026-04-29T21:18:31.500459,hit,Q4,0.00030875205993652344
2026-04-29T21:18:31.554988,hit,Q2,0.00029850006103515625
2026-04-29T21:18:31.609771,hit,Q3,0.00037360191345214844
2026-04-29T21:18:31.664264,hit,Q1,0.0003314018249511719
2026-04-29T21:18:31.719402,hit,Q5,0.0003962516784667969
2026-04-29T21:18:31.774137,hit,Q5,0.0002865791320800781
2026-04-29T21:18:31.828660,hit,Q1,0.00033593177795410156
2026-04-29T21:18:31.883342,hit,Q1,0.0003712177276611328
2026-04-29T21:18:31.938410,hit,Q3,0.00038051605224609375
2026-04-29T21:18:31.992773,hit,Q1,0.0002932548522949219
2026-04-29T21:18:32.047428,hit,Q5,0.0003020763397216797
2026-04-29T21:18:32.101822,hit,Q4,0.00028204917907714844
2026-04-29T21:18:32.156761,hit,Q1,0.0002961158752441406
2026-04-29T21:18:32.211613,hit,Q1,0.0002765655517578125
2026-04-29T21:18:32.266064,hit,Q4,0.0003323554992675781
2026-04-29T21:18:32.321378,hit,Q2,0.00029659271240234375
2026-04-29T21:18:32.375960,hit,Q2,0.0003082752227783203
2026-04-29T21:18:32.430571,hit,Q1,0.0002658367156982422
2026-04-29T21:18:32.485491,hit,Q4,0.00028967857360839844
2026-04-29T21:18:32.594341,hit,Q3,0.0004172325134277344
2026-04-29T21:18:32.649933,hit,Q4,0.0003123283386230469
2026-04-29T21:18:32.705962,hit,Q2,0.000339508056640625
2026-04-29T21:18:32.761772,hit,Q2,0.00033473968505859375
2026-04-29T21:18:32.816955,hit,Q4,0.0003304481506347656
2026-04-29T21:18:32.871339,hit,Q1,0.00028896331787109375
2026-04-29T21:18:32.926047,hit,Q3,0.00034689903259277344
2026-04-29T21:18:32.981466,hit,Q2,0.00028586387634277344
2026-04-29T21:18:33.036795,hit,Q1,0.0003135204315185547
2026-04-29T21:18:33.091144,hit,Q4,0.00025963783264160156
2026-04-29T21:18:33.146090,hit,Q1,0.00030994415283203125
2026-04-29T21:18:33.200640,hit,Q3,0.0003743171691894531
2026-04-29T21:18:33.255315,hit,Q4,0.0003437995910644531
2026-04-29T21:18:33.309968,hit,Q3,0.0003681182861328125
2026-04-29T21:18:33.364433,hit,Q4,0.0002987384796142578
2026-04-29T21:18:33.419658,hit,Q1,0.00029468536376953125
2026-04-29T21:18:33.474634,hit,Q3,0.00029206275939941406
2026-04-29T21:18:33.529492,hit,Q2,0.0002930164337158203
2026-04-29T21:18:33.584018,hit,Q1,0.00028324127197265625
2026-04-29T21:18:33.638430,hit,Q3,0.0003085136413574219
2026-04-29T21:18:33.692745,hit,Q1,0.00028586387634277344
2026-04-29T21:18:33.747552,hit,Q2,0.00029349327087402344
2026-04-29T21:18:33.856818,hit,Q5,0.000347137451171875
2026-04-29T21:18:33.918148,hit,Q4,0.0004761219024658203
2026-04-29T21:18:33.973919,hit,Q4,0.00034356117248535156
2026-04-29T21:18:34.029368,hit,Q1,0.0003695487976074219
2026-04-29T21:18:34.085192,hit,Q4,0.0003733634948730469
2026-04-29T21:18:34.140016,hit,Q3,0.00027751922607421875
2026-04-29T21:18:34.194547,hit,Q2,0.0003972053527832031
2026-04-29T21:18:34.249826,hit,Q2,0.00032901763916015625
2026-04-29T21:18:34.304462,hit,Q2,0.00032973289489746094
2026-04-29T21:18:34.359270,hit,Q2,0.00033926963806152344
2026-04-29T21:18:34.413736,hit,Q5,0.00028443336486816406
2026-04-29T21:18:34.467831,hit,Q3,0.0002930164337158203
2026-04-29T21:18:34.522523,hit,Q1,0.0003552436828613281
2026-04-29T21:18:34.578088,hit,Q1,0.000324249267578125
2026-04-29T21:18:34.633304,hit,Q1,0.0002930164337158203
2026-04-29T21:18:34.688726,hit,Q1,0.0003180503845214844
2026-04-29T21:18:34.743890,hit,Q5,0.00029397010803222656
2026-04-29T21:18:34.802198,miss,Q5,0.003390789031982422
2026-04-29T21:18:34.860333,miss,Q1,0.0032308101654052734
2026-04-29T21:18:34.919690,miss,Q2,0.0036840438842773438
2026-04-29T21:18:34.975241,hit,Q2,0.00028514862060546875
2026-04-29T21:18:35.033416,miss,Q3,0.0031468868255615234
2026-04-29T21:18:35.088519,hit,Q1,0.0003311634063720703
2026-04-29T21:18:35.197754,hit,Q4,0.00035834312438964844
2026-04-29T21:18:35.253642,hit,Q5,0.0003020763397216797
2026-04-29T21:18:35.309699,hit,Q1,0.00033211708068847656
2026-04-29T21:18:35.368528,miss,Q3,0.0033080577850341797
2026-04-29T21:18:35.426286,hit,Q3,0.000423431396484375
2026-04-29T21:18:35.483657,hit,Q5,0.000347137451171875
2026-04-29T21:18:35.538518,hit,Q5,0.00031948089599609375
2026-04-29T21:18:35.596162,miss,Q1,0.003093242645263672
2026-04-29T21:18:35.651351,hit,Q4,0.000308990478515625
2026-04-29T21:18:35.706085,hit,Q5,0.0003390312194824219
2026-04-29T21:18:35.763214,miss,Q1,0.00292205810546875
2026-04-29T21:18:35.818940,hit,Q5,0.00027251243591308594
2026-04-29T21:18:35.874062,hit,Q3,0.00032138824462890625
2026-04-29T21:18:35.928893,hit,Q4,0.0003044605255126953
2026-04-29T21:18:35.984108,hit,Q4,0.00029349327087402344
2026-04-29T21:18:36.039322,hit,Q3,0.0002760887145996094
2026-04-29T21:18:36.094034,hit,Q2,0.0002994537353515625
2026-04-29T21:18:36.148640,hit,Q3,0.00028204917907714844
2026-04-29T21:18:36.202945,hit,Q2,0.0003058910369873047
2026-04-29T21:18:36.257172,hit,Q5,0.00026488304138183594
2026-04-29T21:18:36.312026,hit,Q4,0.00028228759765625
2026-04-29T21:18:36.366590,hit,Q2,0.0003218650817871094
2026-04-29T21:18:36.424437,miss,Q5,0.0027718544006347656
2026-04-29T21:18:36.479795,hit,Q5,0.00026798248291015625
2026-04-29T21:18:36.534697,hit,Q2,0.00033211708068847656
2026-04-29T21:18:36.590643,hit,Q5,0.0003268718719482422
2026-04-29T21:18:36.646494,hit,Q5,0.0003478527069091797
2026-04-29T21:18:36.701211,hit,Q3,0.0002841949462890625
2026-04-29T21:18:36.756521,hit,Q3,0.00027942657470703125
2026-04-29T21:18:36.811050,hit,Q5,0.0002732276916503906
2026-04-29T21:18:36.865477,hit,Q1,0.0002803802490234375
2026-04-29T21:18:36.919921,hit,Q5,0.0003025531768798828
2026-04-29T21:18:36.974753,hit,Q2,0.0003025531768798828
2026-04-29T21:18:37.029142,hit,Q1,0.00027108192443847656
2026-04-29T21:18:37.084025,hit,Q1,0.00029921531677246094
